{
	"switcher": {
		"no_trigger_apps": [
		],
		"use_paste": [
			"icq.exe",
			"lingvo",
			"telegram",
			"viber",
			"whatsapp"
		],
		"unhook": [
			"gta_sa.exe",
			"gtaiv.exe",
			"gta-vc.exe",
			"gta-sa.exe",
			"gta5.exe",
			"starcraft.exe",
			"sc2.exe",
			"Hearthstone.exe",
			"Syberia3.exe",
			"Crysis3.exe",
			"frozen throne.exe",
			"war3.exe",
			"wow.exe",
			"wow-64.exe",
			"sirus.exe",
			"warcraft"
		],
		"deactivate_menu": [
			{ "path": "YandexBrowser", "mode": "with_escape" },
			{ "path": "WINWORD.EXE", "mode": "off" },
			{ "path": "EXCEL.EXE", "mode": "off" },
			{ "path": "OUTLOOK.EXE", "mode": "off" }
		],
		"use_special_copy_paste": [
			{ "path": "wish.exe" },
			{ "path": "atom.exe", "delay": 100 }
		],
		"use_hotkey_switching": {
			"win10": [
				{ "path": "after effects" },
				{ "path": "aftereffects" },
				{ "path": "communicator.exe" },
				{ "path": "devenv.exe" },
				{ "path": "hipchat" },
				{ "path": "jitsi" },
				{ "path": "lync" },
				{ "path": "Office16\\WINWORD.EXE", "delay": 30 },
				{ "path": "outlook.exe" },
				{ "path": "panotour" },
				{ "path": "premiere" },
				{ "path": "phped.exe" },
				{ "path": "thunderbird" },
				{ "path": "skype" }
			],
			"win7": [
				{ "path": "after effects" },
				{ "path": "aftereffects" },
				{ "path": "communicator.exe" },
				{ "path": "hipchat" },
				{ "path": "jitsi" },
				{ "path": "lync" },
				{ "path": "Office16\\WINWORD.EXE", "delay": 30 },
				{ "path": "Office14\\WINWORD.EXE", "delay": 30 },
				{ "path": "Office15\\WINWORD.EXE", "delay": 30 },
				{ "path": "outlook.exe" },
				{ "path": "premiere" },
				{ "path": "phped.exe" },
				{ "path": "thunderbird" }
			],
			"win81": [
				{ "path": "after effects" },
				{ "path": "aftereffects" },
				{ "path": "communicator.exe" },
				{ "path": "hipchat" },
				{ "path": "jitsi" },
				{ "path": "lync" },
				{ "path": "Office16\\WINWORD.EXE", "delay": 30  },
				{ "path": "outlook.exe" },
				{ "path": "premiere" },
				{ "path": "phped.exe" },
				{ "path": "thunderbird" }
			],
			"win8": [
				{ "path": "after effects" },
				{ "path": "aftereffects" },
				{ "path": "communicator.exe" },
				{ "path": "hipchat" },
				{ "path": "jitsi" },
				{ "path": "lync" },
				{ "path": "Office16\\WINWORD.EXE", "delay": 30  },
				{ "path": "outlook.exe" },
				{ "path": "premiere" },
				{ "path": "phped.exe" },
				{ "path": "thunderbird" }
			]
		}
	},
	"hook": {
		"patch_layout_funcs": [ "win10" ]
	}
}
